{
  "train": [
    {
      "loss": 12.126780778169632,
      "ce": 10.874880701303482,
      "mse": 1.3484293222427368,
      "causal": 0.0,
      "kolmogorov": 5776.8505859375
    },
    {
      "loss": 12.132080018520355,
      "ce": 10.877614438533783,
      "mse": 1.3535603806376457,
      "causal": 0.0,
      "kolmogorov": 5776.8505859375
    }
  ],
  "val": [
    {
      "loss": 12.123510088239398
    },
    {
      "loss": 12.119108063834053
    }
  ]
}